image,episode,title
S1E1.png,S1E1,A Walk in the Woods
S1E2.png,S1E2,Mt. McKinley
S1E3.png,S1E3,Ebony Sunset
S1E4.png,S1E4,Winter Mist
S1E5.png,S1E5,Quiet Stream
S1E6.png,S1E6,Winter Moon
S1E7.png,S1E7,Autumn Mountain
S1E8.png,S1E8,Peaceful Valley
S1E9.png,S1E9,Seascape
S1E10.png,S1E10,Mountain Lake
S1E11.png,S1E11,Winter Glow
S1E12.png,S1E12,Snow Fall
S1E13.png,S1E13,Final Reflections
S2E1.png,S2E1,Meadow Lake
S2E2.png,S2E2,Winter Sun
S2E3.png,S2E3,Ebony Sea
S2E4.png,S2E4,Shades of Grey
S2E5.png,S2E5,Autumn Splendor
S2E6.png,S2E6,Black River
S2E7.png,S2E7,Brown Mountain
S2E8.png,S2E8,Reflections
S2E9.png,S2E9,Black and White Seascape
S2E10.png,S2E10,Lazy River
S2E11.png,S2E11,Black Waterfall
S2E12.png,S2E12,Mountain Waterfall
S2E13.png,S2E13,Final Grace
S3E1.png,S3E1,Mountain Retreat
S3E2.png,S3E2,Blue Moon
S3E3.png,S3E3,Bubbling Stream
S3E4.png,S3E4,Winter Night
S3E5.png,S3E5,Distant Hills
S3E6.png,S3E6,Covered Bridge
S3E7.png,S3E7,Quiet Inlet
S3E8.png,S3E8,Night Light
S3E9.png,S3E9,The Old Mill
S3E10.png,S3E10,Campfire
S3E11.png,S3E11,Rustic Barn
S3E12.png,S3E12,Hidden Lake
S3E13.png,S3E13,Peaceful Waters
S4E1.png,S4E1,Purple Splendor
S4E2.png,S4E2,Tranquil Valley
S4E3.png,S4E3,Majestic Mountains
S4E4.png,S4E4,Winter Sawscape
S4E5.png,S4E5,Evening Seascape
S4E6.png,S4E6,Warm Summer Day
S4E7.png,S4E7,Cabin in the Woods
S4E8.png,S4E8,Wetlands
S4E9.png,S4E9,Cool Waters
S4E10.png,S4E10,Quiet Woods
S4E11.png,S4E11,Northwest Majesty
S4E12.png,S4E12,Autumn Days
S4E13.png,S4E13,Mountain Challenge
S5E1.png,S5E1,Mountain Waterfall
S5E2.png,S5E2,Twilight Meadow
S5E3.png,S5E3,Mountain Blossoms
S5E4.png,S5E4,Winter Stillness
S5E5.png,S5E5,Quiet Pond
S5E6.png,S5E6,Ocean Sunrise
S5E7.png,S5E7,Bubbling Brook
S5E8.png,S5E8,Arizona Splendor
S5E9.png,S5E9,Anatomy of a Wave
S5E10.png,S5E10,The Windmill
S5E11.png,S5E11,Autumn Glory
S5E12.png,S5E12,Indian Girl
S5E13.png,S5E13,Meadow Stream
S6E1.png,S6E1,Blue River
S6E2.png,S6E2,Nature's Edge
S6E3.png,S6E3,Morning Mist
S6E4.png,S6E4,Whispering Stream
S6E5.png,S6E5,Secluded Forest
S6E6.png,S6E6,Snow Trail
S6E7.png,S6E7,Arctic Beauty
S6E8.png,S6E8,Horizons West
S6E9.png,S6E9,High Chateau
S6E10.png,S6E10,Country Life
S6E11.png,S6E11,Western Expanse
S6E12.png,S6E12,Marshlands
S6E13.png,S6E13,Blaze of Color
S7E1.png,S7E1,Winter Cabin
S7E2.png,S7E2,Secluded Lake
S7E3.png,S7E3,Evergreens at Sunset
S7E4.png,S7E4,Mountain Cabin
S7E5.png,S7E5,Portrait of Sally
S7E6.png,S7E6,Misty Waterfall
S7E7.png,S7E7,Barn at Sunset
S7E8.png,S7E8,Mountain Splendor
S7E9.png,S7E9,Lake by Mountain
S7E10.png,S7E10,Mountain Glory
S7E11.png,S7E11,Grey Winter
S7E12.png,S7E12,Dock Scene
S7E13.png,S7E13,Dark Waterfall
S8E1.png,S8E1,Misty Rolling Hills
S8E2.png,S8E2,Lakeside Cabin
S8E3.png,S8E3,Warm Winter Day
S8E4.png,S8E4,Waterside Way
S8E5.png,S8E5,Hunter's Haven
S8E6.png,S8E6,Bubbling Mountain Brook
S8E7.png,S8E7,Winter Hideaway
S8E8.png,S8E8,Foot of the Mountain
S8E9.png,S8E9,Majestic Pine
S8E10.png,S8E10,Cactus at Sunset
S8E11.png,S8E11,Mountain Range
S8E12.png,S8E12,Lonely Retreat
S8E13.png,S8E13,Northern Lights
S9E1.png,S9E1,Winter Evergreens
S9E2.png,S9E2,Surf's Up
S9E3.png,S9E3,Red Sunset
S9E4.png,S9E4,Meadow Road
S9E5.png,S9E5,Winter Oval
S9E6.png,S9E6,Secluded Beach
S9E7.png,S9E7,Forest Hills
S9E8.png,S9E8,Little House by the Road
S9E9.png,S9E9,Mountain Path
S9E10.png,S9E10,Country Charm
S9E11.png,S9E11,Nature's Paradise
S9E12.png,S9E12,Mountain by the Sea
S9E13.png,S9E13,Mountain Hideaway
S10E1.png,S10E1,Towering Peaks
S10E2.png,S10E2,Cabin at Sunset
S10E3.png,S10E3,Twin Falls
S10E4.png,S10E4,Secluded Bridge
S10E5.png,S10E5,Ocean Breeze
S10E6.png,S10E6,Autumn Woods
S10E7.png,S10E7,Winter Solitude
S10E8.png,S10E8,Golden Sunset
S10E9.png,S10E9,Mountain Oval
S10E10.png,S10E10,Ocean Sunset
S10E11.png,S10E11,Triple View
S10E12.png,S10E12,Winter Frost
S10E13.png,S10E13,Lakeside Cabin
S11E1.png,S11E1,Mountain Stream
S11E2.png,S11E2,Country Cabin
S11E3.png,S11E3,Daisy Delight
S11E4.png,S11E4,Hidden Stream
S11E5.png,S11E5,Towering Glacier
S11E6.png,S11E6,Oval Barn
S11E7.png,S11E7,Lakeside Path
S11E8.png,S11E8,Sunset Oval
S11E9.png,S11E9,Winter Barn
S11E10.png,S11E10,Sunset over the Waves
S11E11.png,S11E11,Golden Glow
S11E12.png,S11E12,Roadside Barn
S11E13.png,S11E13,Happy Accident
S12E1.png,S12E1,Golden Knoll
S12E2.png,S12E2,Mountain Reflections
S12E3.png,S12E3,Secluded Mountain
S12E4.png,S12E4,Bright Autumn Trees
S12E5.png,S12E5,Black Seascape
S12E6.png,S12E6,Steep Mountains
S12E7.png,S12E7,Quiet Mountains River
S12E8.png,S12E8,Evening Waterfall
S12E9.png,S12E9,Tropical Seascape
S12E10.png,S12E10,Mountain at Sunset
S12E11.png,S12E11,Soft Mountain Glow
S12E12.png,S12E12,Mountain in an Oval
S12E13.png,S12E13,Winter Mountain
S13E1.png,S13E1,Rolling Hills
S13E2.png,S13E2,Frozen Solitude
S13E3.png,S13E3,Meadow Brook
S13E4.png,S13E4,Evening at Sunset
S13E5.png,S13E5,Mountain View
S13E6.png,S13E6,Hidden Creek
S13E7.png,S13E7,Peaceful Haven
S13E8.png,S13E8,Mountain Exhibition
S13E9.png,S13E9,Emerald Waters
S13E10.png,S13E10,Mountain Summit
S13E11.png,S13E11,Cabin Hideaway
S13E12.png,S13E12,Oval Essence
S13E13.png,S13E13,Lost Lake
S14E1.png,S14E1,Distant Mountains
S14E2.png,S14E2,Meadow Brook Surprise
S14E3.png,S14E3,Mountain Moonlight Oval
S14E4.png,S14E4,Snowy Solitude
S14E5.png,S14E5,Mountain River
S14E6.png,S14E6,Graceful Mountains
S14E7.png,S14E7,Windy Waves
S14E8.png,S14E8,On a Clear Day
S14E9.png,S14E9,Riverside Escape Oval
S14E10.png,S14E10,Surprising Falls
S14E11.png,S14E11,Shadow Pond
S14E12.png,S14E12,Misty Forest Oval
S14E13.png,S14E13,Natural Wonder
S15E1.png,S15E1,Splendor of Winter
S15E2.png,S15E2,Colors of Nature
S15E3.png,S15E3,Grandpa's Barn
S15E4.png,S15E4,Peaceful Reflections
S15E5.png,S15E5,Hidden Winter Moon Oval
S15E6.png,S15E6,Waves of Wonder
S15E7.png,S15E7,Cabin by the Pond
S15E8.png,S15E8,Fall Stream
S15E9.png,S15E9,Christmas Eve Snow
S15E10.png,S15E10,Forest Down Oval
S15E11.png,S15E11,Pathway to Autumn
S15E12.png,S15E12,Deep Forest Lake
S15E13.png,S15E13,Peaks of Majesty
S16E1.png,S16E1,Two Seasons
S16E2.png,S16E2,Nestled Cabin
S16E3.png,S16E3,Wintertime Discovery
S16E4.png,S16E4,Mountain Mirage Wood Shape
S16E5.png,S16E5,Double Oval Fantasy
S16E6.png,S16E6,Contemplative Lady
S16E7.png,S16E7,Deep Woods
S16E8.png,S16E8,High Tide
S16E9.png,S16E9,Barn in Snow Oval
S16E10.png,S16E10,That Time of Year
S16E11.png,S16E11,Waterfall Wonder
S16E12.png,S16E12,Mighty Mountain Lake
S16E13.png,S16E13,Wooded Stream Oval
S17E1.png,S17E1,Golden Mist Oval
S17E2.png,S17E2,The Old Home Place
S17E3.png,S17E3,Soothing Vista
S17E4.png,S17E4,Stormy Seas
S17E5.png,S17E5,Country Time
S17E6.png,S17E6,A Mild Winter's Day
S17E7.png,S17E7,Spectacular Waterfall
S17E8.png,S17E8,View from the Park
S17E9.png,S17E9,Lake View
S17E10.png,S17E10,Old Country Mill
S17E11.png,S17E11,Morning Walk
S17E12.png,S17E12,Nature's Splendor
S17E13.png,S17E13,Mountain Beauty
S18E1.png,S18E1,Half-Oval Vignette
S18E2.png,S18E2,Absolutely Autumn
S18E3.png,S18E3,Mountain Seclusion
S18E4.png,S18E4,Crimson Oval
S18E5.png,S18E5,Autumn Exhibition
S18E6.png,S18E6,Majestic Peaks
S18E7.png,S18E7,Golden Morning Mist
S18E8.png,S18E8,Winter Lace
S18E9.png,S18E9,Seascape Fantasy
S18E10.png,S18E10,Double Oval Stream
S18E11.png,S18E11,Enchanted Forest
S18E12.png,S18E12,Southwest Serenity
S18E13.png,S18E13,Rippling Waters
S19E1.png,S19E1,Snowfall Magic
S19E2.png,S19E2,Quiet Mountain Lake
S19E3.png,S19E3,Final Embers of Sunlight
S19E4.png,S19E4,Snowy Morn
S19E5.png,S19E5,Camper's Haven
S19E6.png,S19E6,Waterfall in the Woods
S19E7.png,S19E7,Covered Bridge Oval
S19E8.png,S19E8,Scenic Seclusion
S19E9.png,S19E9,Ebb Tide
S19E10.png,S19E10,After the Rain
S19E11.png,S19E11,Winter Elegance
S19E12.png,S19E12,Evening's Peace
S19E13.png,S19E13,Valley of Tranquility
S20E1.png,S20E1,Mystic Mountain
S20E2.png,S20E2,New Day's Dawn
S20E3.png,S20E3,Winter in Pastel
S20E4.png,S20E4,Hazy Day
S20E5.png,S20E5,Divine Elegance
S20E6.png,S20E6,Cliffside
S20E7.png,S20E7,Autumn Fantasy
S20E8.png,S20E8,The Old Oak Tree
S20E9.png,S20E9,Winter Paradise
S20E10.png,S20E10,Days Gone By
S20E11.png,S20E11,Change of Seasons
S20E12.png,S20E12,Hidden Delight
S20E13.png,S20E13,Double Take
S21E1.png,S21E1,Valley View
S21E2.png,S21E2,Tranquil Dawn
S21E3.png,S21E3,Royal Majesty
S21E4.png,S21E4,Serenity
S21E5.png,S21E5,Cabin at Trails End
S21E6.png,S21E6,Mountain Rhapsody
S21E7.png,S21E7,Wilderness Cabin
S21E8.png,S21E8,By the Sea
S21E9.png,S21E9,Indian Summer
S21E10.png,S21E10,Blue Winter
S21E11.png,S21E11,Desert Glow
S21E12.png,S21E12,Lone Mountain
S21E13.png,S21E13,Florida's Glory
S22E1.png,S22E1,Autumn Images
S22E2.png,S22E2,Hint of Springtime
S22E3.png,S22E3,Around the Bend
S22E4.png,S22E4,Countryside Oval
S22E5.png,S22E5,Russet Winter
S22E6.png,S22E6,Purple Haze
S22E7.png,S22E7,Dimensions
S22E8.png,S22E8,Deep Wilderness Home
S22E9.png,S22E9,Haven in the Valley
S22E10.png,S22E10,Wintertime Blues
S22E11.png,S22E11,Pastel Seascape
S22E12.png,S22E12,Country Creek
S22E13.png,S22E13,Silent Forest
S23E1.png,S23E1,Frosty Winter Morn
S23E2.png,S23E2,Forest Edge
S23E3.png,S23E3,Mountain Ridge Lake
S23E4.png,S23E4,Reflections of Gold
S23E5.png,S23E5,Quiet Cove
S23E6.png,S23E6,Rivers Peace
S23E7.png,S23E7,At Dawn's Light
S23E8.png,S23E8,Valley Waterfall
S23E9.png,S23E9,Toward Days End
S23E10.png,S23E10,Falls in the Glen
S23E11.png,S23E11,Frozen Beauty in Vignette
S23E12.png,S23E12,Crimson Tide
S23E13.png,S23E13,Winter Bliss
S24E1.png,S24E1,Gray Mountain
S24E2.png,S24E2,Wayside Pond
S24E3.png,S24E3,Teton Winter
S24E4.png,S24E4,Little Home in the Meadow
S24E5.png,S24E5,A Pretty Autumn Day
S24E6.png,S24E6,Mirrored Images
S24E7.png,S24E7,Back-Country Path
S24E8.png,S24E8,Graceful Waterfall
S24E9.png,S24E9,Icy Lake
S24E10.png,S24E10,Rowboat on the Beach
S24E11.png,S24E11,Portrait of Winter
S24E12.png,S24E12,The Footbridge
S24E13.png,S24E13,Snowbound Cabin
S25E1.png,S25E1,Hide A Way Cove
S25E2.png,S25E2,Enchanted Falls Oval
S25E3.png,S25E3,Not Quite Spring
S25E4.png,S25E4,Splashes of Autumn
S25E5.png,S25E5,Summer in the Mountain
S25E6.png,S25E6,Oriental Falls
S25E7.png,S25E7,Autumn Palette
S25E8.png,S25E8,Cypress Swamp
S25E9.png,S25E9,Downstream View
S25E10.png,S25E10,Just Before the Storm
S25E11.png,S25E11,Fisherman's Paradise
S25E12.png,S25E12,Desert Hues
S25E13.png,S25E13,The Property Line
S26E1.png,S26E1,In the Stillness of Morning
S26E2.png,S26E2,Delightful Meadow Home
S26E3.png,S26E3,First Snow
S26E4.png,S26E4,Lake in the Valley
S26E5.png,S26E5,A Trace of Spring
S26E6.png,S26E6,An Arctic Winter Day
S26E7.png,S26E7,Snow Birch
S26E8.png,S26E8,Early Autumn
S26E9.png,S26E9,Tranquil Wooded Stream
S26E10.png,S26E10,Purple Mountain Range
S26E11.png,S26E11,Storm's A Comin
S26E12.png,S26E12,Sunset Aglow
S26E13.png,S26E13,Evening at the Falls
S27E1.png,S27E1,Twilight Beauty
S27E2.png,S27E2,Angler's Haven
S27E3.png,S27E3,Rustic Winter Woods
S27E4.png,S27E4,Wilderness Falls
S27E5.png,S27E5,Winter at the Farm
S27E6.png,S27E6,Daisies at Dawn
S27E7.png,S27E7,A Spectacular View
S27E8.png,S27E8,Daybreak
S27E9.png,S27E9,Island Paradise
S27E10.png,S27E10,Sunlight in the Shadows
S27E11.png,S27E11,Splendor of a Snowy Winter
S27E12.png,S27E12,Forest River
S27E13.png,S27E13,Golden Glow of Morning
S28E1.png,S28E1,Fisherman's Trail
S28E2.png,S28E2,A Warm Winter
S28E3.png,S28E3,Under Pastel Skies
S28E4.png,S28E4,Golden Rays of Sunshine
S28E5.png,S28E5,The Magic of Fall
S28E6.png,S28E6,Glacier Lake
S28E7.png,S28E7,The Old Weathered Barn
S28E8.png,S28E8,Deep Forest Falls
S28E9.png,S28E9,Winter's Grace
S28E10.png,S28E10,Splendor of Autumn
S28E11.png,S28E11,Tranquil Seas
S28E12.png,S28E12,Mountain Serenity
S28E13.png,S28E13,Home Before Nightfall
S29E1.png,S29E1,Island in the Wilderness
S29E2.png,S29E2,Autumn Oval
S29E3.png,S29E3,Seasonal Progression
S29E4.png,S29E4,Light at the Summit
S29E5.png,S29E5,Countryside Barn
S29E6.png,S29E6,Mountain Lake Falls
S29E7.png,S29E7,Cypress Creek
S29E8.png,S29E8,Trapper's Cabin
S29E9.png,S29E9,Storm on the Horizon
S29E10.png,S29E10,Pot O' Posies
S29E11.png,S29E11,A Perfect Winter Day
S29E12.png,S29E12,Aurora's Dance
S29E13.png,S29E13,Woodman's Retreat
S30E1.png,S30E1,Babbling Brook
S30E2.png,S30E2,Woodgrain View
S30E3.png,S30E3,Winter's Peace
S30E4.png,S30E4,Wilderness Trail
S30E5.png,S30E5,A Copper Winter
S30E6.png,S30E6,Misty Foothills
S30E7.png,S30E7,Through the Window
S30E8.png,S30E8,Home in the Valley
S30E9.png,S30E9,Mountains of Grace
S30E10.png,S30E10,Seaside Harmony
S30E11.png,S30E11,A Cold Spring Day
S30E12.png,S30E12,Evening's Glow
S30E13.png,S30E13,Blue Ridge Falls
S31E1.png,S31E1,Reflections of Calm
S31E2.png,S31E2,Before the Snowfall
S31E3.png,S31E3,Winding Stream
S31E4.png,S31E4,Tranquility Cove
S31E5.png,S31E5,Cabin in the Hollow
S31E6.png,S31E6,View from Clear Creek
S31E7.png,S31E7,Bridge to Autumn
S31E8.png,S31E8,Trail's End
S31E9.png,S31E9,Evergreen Valley
S31E10.png,S31E10,Balmy Beach
S31E11.png,S31E11,Lake at the Ridge
S31E12.png,S31E12,In the Midst of Winter
S31E13.png,S31E13,Wilderness Day
